{"access_token": "ya29.a0ARrdaM9SC19zFFDgAnIuUCRfiswEmACvFD3HFrMSZBA9ZLu0f8t6AEKAHs-TEFHCEz_COc5SQYAOieDVR_YiYWKYAeTnUsTqdRZ73ZtRFy2P9eKEg5A76AYZAF6nq5L3NL4adCsuKRUA0OIBNFSjRo87M3Co", "client_id": "309008847502-3bgpuajdck865q8rm6712jgl5fi0uism.apps.googleusercontent.com", "client_secret": "7howE1BGlpye94REJHln1iR4", "refresh_token": "1//0gNH1sD76riKwCgYIARAAGBASNwF-L9IrsPyCa7ks98sfPxIUeUG80JFnWN-Bs6poYoFE6mPna0nwMXY03aAt_iD9GQwRwpBY2us", "token_uri": "https://accounts.google.com/o/oauth2/token", "user_agent": null, "revoke_uri": "https://oauth2.googleapis.com/revoke", "id_token": null, "id_token_jwt": null, "token_response": {"access_token": "ya29.a0ARrdaM9SC19zFFDgAnIuUCRfiswEmACvFD3HFrMSZBA9ZLu0f8t6AEKAHs-TEFHCEz_COc5SQYAOieDVR_YiYWKYAeTnUsTqdRZ73ZtRFy2P9eKEg5A76AYZAF6nq5L3NL4adCsuKRUA0OIBNFSjRo87M3Co", "expires_in": 3599, "refresh_token": "1//0gNH1sD76riKwCgYIARAAGBASNwF-L9IrsPyCa7ks98sfPxIUeUG80JFnWN-Bs6poYoFE6mPna0nwMXY03aAt_iD9GQwRwpBY2us", "scope": "https://www.googleapis.com/auth/drive.file", "token_type": "Bearer"}, "scopes": ["https://www.googleapis.com/auth/drive.file"], "token_info_uri": "https://oauth2.googleapis.com/tokeninfo", "invalid": false, "_class": "OAuth2Credentials", "_module": "oauth2client.client"}
