{"access_token": "ya29.a0ARrdaM-hM1WX-gsOkaXBSMUyyf395Q44G_WwtSlL8cxzelKTkOOWwsxXEi3p1Jrm1aeBq_ns2Ww9C88Lt99r3Cnfcux-i9PMUnQbQ0fazQdkzOFEzNuJA96_fuvOZl2PNow0ZAgS_JstljyqJO3PsFqipFlTeA", "client_id": "309008847502-3bgpuajdck865q8rm6712jgl5fi0uism.apps.googleusercontent.com", "client_secret": "7howE1BGlpye94REJHln1iR4", "refresh_token": "1//0eNllzF2Nvv4CCgYIARAAGA4SNwF-L9IrlEI409NDsQGjdX55LCU1qX00vpRHhdK3q1fk4aGvBbsmlVB04sZGJiGUySJ16i0BWTE", "token_expiry": "2021-08-19T19:22:39Z", "token_uri": "https://accounts.google.com/o/oauth2/token", "user_agent": null, "revoke_uri": "https://oauth2.googleapis.com/revoke", "id_token": null, "id_token_jwt": null, "token_response": {"access_token": "ya29.a0ARrdaM-hM1WX-gsOkaXBSMUyyf395Q44G_WwtSlL8cxzelKTkOOWwsxXEi3p1Jrm1aeBq_ns2Ww9C88Lt99r3Cnfcux-i9PMUnQbQ0fazQdkzOFEzNuJA96_fuvOZl2PNow0ZAgS_JstljyqJO3PsFqipFlTeA", "expires_in": 3599, "scope": "https://www.googleapis.com/auth/drive.file", "token_type": "Bearer"}, "scopes": ["https://www.googleapis.com/auth/drive.file"], "token_info_uri": "https://oauth2.googleapis.com/tokeninfo", "invalid": false, "_class": "OAuth2Credentials", "_module": "oauth2client.client"}