{"access_token": "ya29.a0ARrdaM_zIdHj3BVxhSEle69kyLzZMXqSFPcGLyaFaFDbwOTyJqQmSAYKvCn2RV7z58eQJ1L9xSxBA5jBVQCAyW7r9p32tTPqHmK0Vo0yWOmsYUfNZfMvf27xWkGz_hsxXuFtFycdNne_EdG0A2-lEX6Yw20S", "client_id": "309008847502-3bgpuajdck865q8rm6712jgl5fi0uism.apps.googleusercontent.com", "client_secret": "7howE1BGlpye94REJHln1iR4", "refresh_token": "1//0grvac5vvkDyaCgYIARAAGBASNwF-L9IrTQqcadF0YdArldCa2-SChNWubEgjyrmK4JSFJjgsfDbfFu0LB-ljJRbYmuH-8bvWRRU", "token_expiry": "2021-09-08T14:12:58Z", "token_uri": "https://accounts.google.com/o/oauth2/token", "user_agent": null, "revoke_uri": "https://oauth2.googleapis.com/revoke", "id_token": null, "id_token_jwt": null, "token_response": {"access_token": "ya29.a0ARrdaM_zIdHj3BVxhSEle69kyLzZMXqSFPcGLyaFaFDbwOTyJqQmSAYKvCn2RV7z58eQJ1L9xSxBA5jBVQCAyW7r9p32tTPqHmK0Vo0yWOmsYUfNZfMvf27xWkGz_hsxXuFtFycdNne_EdG0A2-lEX6Yw20S", "expires_in": 3599, "refresh_token": "1//0grvac5vvkDyaCgYIARAAGBASNwF-L9IrTQqcadF0YdArldCa2-SChNWubEgjyrmK4JSFJjgsfDbfFu0LB-ljJRbYmuH-8bvWRRU", "scope": "https://www.googleapis.com/auth/drive.file", "token_type": "Bearer"}, "scopes": ["https://www.googleapis.com/auth/drive.file"], "token_info_uri": "https://oauth2.googleapis.com/tokeninfo", "invalid": false, "_class": "OAuth2Credentials", "_module": "oauth2client.client"}