{"access_token": "ya29.a0ARrdaM_ZEVFEYHybVBDd2zK38X8HmrBc7DLLqs1csay_sgfyWBCU3IFCw4oa_xmncnlmg_wSIWC3yNYRIs0HI0EUhMgJf72aSE4z3bE63jPNC_G9kRYZr3W9XhfxA4xzqtD9gTPEwCzYZkuD6LYLhaDtnzI2", "client_id": "309008847502-3bgpuajdck865q8rm6712jgl5fi0uism.apps.googleusercontent.com", "client_secret": "7howE1BGlpye94REJHln1iR4", "refresh_token": "1//0guglOgYlJfyZCgYIARAAGBASNwF-L9IrTR93GVhfDxy8sVLcBFILaOOxLTzRS5QiymLdlriTq1yYVoTkvN5djypw9GQ_ZO7l1fM", "token_expiry": "2021-09-06T20:21:31Z", "token_uri": "https://accounts.google.com/o/oauth2/token", "user_agent": null, "revoke_uri": "https://oauth2.googleapis.com/revoke", "id_token": null, "id_token_jwt": null, "token_response": {"access_token": "ya29.a0ARrdaM_ZEVFEYHybVBDd2zK38X8HmrBc7DLLqs1csay_sgfyWBCU3IFCw4oa_xmncnlmg_wSIWC3yNYRIs0HI0EUhMgJf72aSE4z3bE63jPNC_G9kRYZr3W9XhfxA4xzqtD9gTPEwCzYZkuD6LYLhaDtnzI2", "expires_in": 3599, "refresh_token": "1//0guglOgYlJfyZCgYIARAAGBASNwF-L9IrTR93GVhfDxy8sVLcBFILaOOxLTzRS5QiymLdlriTq1yYVoTkvN5djypw9GQ_ZO7l1fM", "scope": "https://www.googleapis.com/auth/drive.file", "token_type": "Bearer"}, "scopes": ["https://www.googleapis.com/auth/drive.file"], "token_info_uri": "https://oauth2.googleapis.com/tokeninfo", "invalid": false, "_class": "OAuth2Credentials", "_module": "oauth2client.client"}