{
 "format_version": "1.10.0",
 "animation_controllers": {
  "controller.animation.death_count": {
   "initial_state": "alive",
   "states": {
    "alive": {
     "transitions": [
      {
       "dead": "!query.is_alive"
      }
     ],
     "on_exit": [
      "/scoreboard objectives add deathcount dummy Deaths",
      "/scoreboard players add @s deathcount 1",
      "/scoreboard objectives setdisplay list deathcount"
     ]
    },
    "dead": {
     "transitions": [
      {
       "alive": "query.is_alive"
      }
     ]
    }
   }
  }
 }
}